VO-04a8eacc79154ed0,829 W JACKSON ST,MORTON,IL,61550
VO-0664ecb12223d94d,3287 COURT ST,PEKIN,IL,61554
VO-1fdc0d9b6fa66d54,2650 RIDGE AVE.,SKOKIE,IL,60077
VO-2a9028f0cfd51aae,6800 N KNOXVILLE AVE,PEORIA,IL,61614
VO-2bb876a25071bef4,93 EASTGATE DR,WASHINGTON,IL,61571
VO-2ebfdf1ae7643a2e,8921 N WOOD SAGE RD,PEORIA,IL,61615
VO-332356e82ee38e84,401 RIVER RD,EAST PEORIA,IL,61611
VO-3c4f5c9f59bfc188,605 S MAIN ST,MORTON,IL,61550
VO-449ba7a75c5641a2,8 CHERRY TREE CENTER,WASHINGTON,IL,61571
VO-605f3b4bd4e778ef,4727 N SHERIDAN RD,PEORIA,IL,61614
VO-62bdb46919a41bce,725 S 14TH ST,PEKIN,IL,61554
VO-6e0eb045beac6510,3320 VETERANS DR,PEKIN,IL,61554
VO-876c77b70cd2b760,8 CHERRY TREE SHOPPING CTR,WASHINGTON,IL,61571
VO-8772bf50f87de0a2,"301 W WASHINGTON, 20/20 EYECARE SOLUTIONS, INC.",EAST PEORIA,IL,61611
VO-a0e1bbc847e8735f,412 RIVERSIDE DR,EAST PEORIA,IL,61611
VO-b496827d89be0a37,1009 N CUMMINGS LN,WASHINGTON,IL,61571
VO-b71a82c99cfe1f6a,"111 W WASHINGTON ST, SUITE 410",EAST PEORIA,IL,61611
VO-baf5b45383e71013,100 HILLCREST DR STE B,WASHINGTON,IL,61571
VO-c4321b180047c8f8,101 N PARKWAY DR,PEKIN,IL,61554
VO-e0e55998f0343717,155 E COURTLAND ST,MORTON,IL,61550
VO-e54d74b5478aa8a5,1201 S DIRKSEN PKWY,SPRINGFIELD,IL,62703
VO-ee7e0924cf17ea62,2611 BROADWAY ST,PEKIN,IL,61554
VO-f98fd44b1ff3cca8,417 W JEFFERSON ST,MORTON,IL,61550
VO-fb07ec23570e5873,100 HILLCREST DR,WASHINGTON,IL,61571
